gauss_act_only,gauss_obs+action,gauss_obs_only,none,run,shift_act_only,shift_obs+action,shift_obs_only,uniform_act_only,uniform_obs+action,uniform_obs_only
-43.27485077958752,-46.42124858847024,-46.86459187899038,-44.679481524368576,1,-42.10605242565746,-43.31545810186044,-43.610191339887216,-42.137998855079104,-42.28146692027359,-44.0475246200676
-43.43021544210619,-47.4849969302636,-44.097964360653826,-42.50251091519884,2,-42.505783970613734,-43.28028543861098,-43.34550133087098,-41.383547067027926,-41.718411777719275,-43.796252461616184
-43.24068734589748,-49.583004293452916,-46.652846608138354,-43.498725773639244,3,-41.938290589413484,-41.141846840985124,-44.56726939121286,-42.7009001890257,-42.18127437672124,-42.957328543253034
-42.07223467008841,-48.633423182914264,-48.28733305427297,-43.51860625726986,4,-43.38538943140123,-42.228178207905145,-42.160325599903516,-44.78168576536159,-44.35823855799278,-43.08932259027151
-43.645617453308375,-48.582825286212525,-44.99371490480514,-44.13496809374485,5,-42.95131306213595,-44.52468272899407,-42.218546652270135,-42.93517314239409,-43.52095765840771,-42.48608540355666
