gauss_act_only,gauss_obs+action,gauss_obs_only,none,run,shift_act_only,shift_obs+action,shift_obs_only,uniform_act_only,uniform_obs+action,uniform_obs_only
-48.18969830650903,-54.98081531578189,-51.71226518137906,-49.23970104746669,1,-48.53145980471214,-50.47990161841859,-51.807521295371885,-49.2751290222243,-50.3920690809775,-50.27611058360756
-50.01994437661429,-55.831093290364294,-52.091542809314895,-50.83347815703054,2,-49.70184261635413,-51.13492074492452,-51.04102538460521,-48.55933056783178,-48.03425005287077,-50.48813614157361
-49.18579832680412,-53.30182643602472,-52.57326526707022,-48.59410522222583,3,-47.72432697192725,-50.05021881594651,-50.16414620885825,-48.23366915501844,-50.38958844744759,-51.42783813402675
-47.55334170181626,-53.36220426176129,-52.46759006892324,-48.72047166352414,4,-51.069161464370936,-49.44377062651181,-48.79430131262445,-49.44307404340277,-50.38998495796747,-48.94666416553772
-51.26291660496687,-51.5559135766204,-50.15682015253301,-48.14395030730736,5,-48.771682965869694,-51.69511090185782,-51.148532342246554,-49.652019160614515,-49.97127605524482,-50.92546417864249
