gauss_act_only,gauss_obs+action,gauss_obs_only,none,run,shift_act_only,shift_obs+action,shift_obs_only,uniform_act_only,uniform_obs+action,uniform_obs_only
-50.513780816024344,-51.930075073539044,-53.10904966617221,-49.48478611602803,1,-50.21609934256298,-49.37857131900547,-48.076447849592306,-50.218289946527946,-51.48395235031102,-51.42573753014638
-49.77286254587405,-53.68221574409248,-53.01996605039944,-48.2503238195053,2,-49.72824767873013,-49.33709863535818,-48.77175455631742,-48.50796147796099,-50.558664457302385,-50.94111850034192
-49.88846518090931,-54.44789787846502,-51.80590276808511,-50.16748495008393,3,-48.06463713259538,-49.46664096149824,-49.53966018854179,-50.724317969001625,-48.589032980752236,-50.065740098660896
-48.59196449532912,-53.17158137942704,-53.41394749203509,-49.25522470397727,4,-51.40909872663587,-51.266668894450234,-47.89210364412483,-49.44313803256937,-50.48874412767008,-51.93797165948636
-48.5324038453104,-54.78117728629742,-51.281231016461014,-48.49774553798829,5,-49.47505103172002,-49.27342803082065,-49.392484975441924,-49.61713832218683,-50.67039355742082,-49.038644730459886
