gauss_obs+action,gauss_obs_only,none,run,shift_obs+action,shift_obs_only,uniform_obs+action,uniform_obs_only
-46.28005635290116,-46.678743212238814,-40.69768365048368,1,-42.491123447927166,-41.67621823888995,-44.00069355454946,-44.42751830896915
-47.91505063014525,-47.210610673144544,-43.01429489596986,2,-44.126995560139285,-43.5056611676794,-44.42985324076347,-44.79051434058549
-45.09054761157075,-44.841203331586556,-43.22140133810573,3,-42.22308517207,-43.90125910122525,-43.23717433544795,-45.25324870479109
-47.13116816293187,-47.50203062701397,-42.51794987438186,4,-45.78126923229056,-41.74348574458682,-41.65220023131687,-43.37059937244818
-44.81830695561302,-46.961524922188794,-42.32411665920234,5,-44.078307486472504,-42.81301923281285,-44.13992714689397,-45.532758391140625
