gauss_act_only,gauss_obs+action,gauss_obs_only,none,run,shift_act_only,shift_obs+action,shift_obs_only,uniform_act_only,uniform_obs+action,uniform_obs_only
-44.57983096859612,-47.20184408689008,-45.2668950641486,-44.895882916252326,1,-44.148100258055656,-42.98361950604588,-45.45913066718704,-42.763560994741916,-43.35042154849651,-43.36524982750481
-45.934315774559856,-47.51195368139696,-45.97881600149073,-44.150364200965996,2,-44.544525534355635,-45.29924563985705,-42.65758312490631,-44.183584054197375,-46.10209108756739,-44.20714235466835
-44.79930950249346,-46.80313567035701,-46.56867148706298,-42.1387693836888,3,-43.90051796702921,-43.106419061536045,-45.97517476042964,-44.66524978397417,-43.672033064360214,-43.8157390820557
-44.310127438133534,-46.715636936048014,-46.675123036016025,-46.591200535709575,4,-42.76597403478121,-42.97217041090052,-46.41013368223801,-43.42809353211141,-43.99182022799664,-44.509987125855524
-43.205111254002055,-47.94102313298583,-46.196233044253354,-41.868644255998646,5,-45.17577529517339,-43.03164129579819,-43.99235225566796,-43.173036147186565,-45.59385999592338,-42.990837751534585
