gauss_act_only,gauss_obs+action,gauss_obs_only,none,run,shift_act_only,shift_obs+action,shift_obs_only,uniform_act_only,uniform_obs+action,uniform_obs_only
69.56283739088137,35.320762577361776,37.64776911512097,69.86645719248713,1,70.85054939285232,59.13684589068259,59.83168871455958,66.18412781657557,60.12497815857624,59.240631696858955
67.43790449819994,38.75608404455667,38.52000531826605,68.85980636820119,2,72.07558289614921,58.86333832085852,60.23388320042844,71.53239321816018,55.36657265983617,59.878825745322736
69.07361248680037,35.892753249772284,40.35628190430894,68.20457622800227,3,67.11276841652567,58.56233457905024,57.906918206414105,71.29150783108699,58.47234773365124,60.690052240111804
68.686591621153,38.05228143451013,38.088071575159034,70.77824396721414,4,66.9124019091856,59.640463867824856,65.05506480702151,66.9570707962205,58.60500943133947,57.46904915449879
66.88470797658383,39.046204763491026,37.46224669201555,69.50955075746943,5,71.12284463853528,57.30323521757199,59.725395967207945,70.11280937350278,57.101934402410926,61.51197815275992
