gauss_act_only,gauss_obs+action,gauss_obs_only,none,run,shift_act_only,shift_obs+action,shift_obs_only,uniform_act_only,uniform_obs+action,uniform_obs_only
38.240197915591175,23.994583027112363,25.693678430568998,31.047064682894057,1,35.400993218981775,35.12935030590639,31.243808512274917,36.332796877853745,32.52376132404432,32.717675839060725
36.08213249526842,26.984226189676534,26.019746892293522,32.591216674343066,2,35.41903563690931,33.69792612907753,34.26979669590111,35.82097193837352,30.41072795236848,31.663775894784433
33.9771740317354,25.03515343662209,25.498765623684406,33.63881269296695,3,35.85575736976297,36.63197156756241,34.11427005834161,35.41776200890654,30.929997028126156,32.648230554471255
35.16039949887796,27.064490840574287,23.665569628784727,34.739316408033275,4,34.65779407158418,35.11503978388689,34.278523465995704,38.3347686888511,30.96254629485282,31.84170226337983
35.38414123369016,26.379000117998906,23.406461115770053,36.96637809097771,5,37.67629901168363,34.87157925956482,35.55412423480529,34.82626079851778,31.495723453291568,32.80017255198315
