gauss_act_only,gauss_obs+action,gauss_obs_only,none,run,shift_act_only,shift_obs+action,shift_obs_only,uniform_act_only,uniform_obs+action,uniform_obs_only
12.36378810785551,11.391118025139976,11.364872313865911,11.790353412128676,1,10.404283527261022,10.875681163847608,13.095925459095152,10.921788823990978,14.58377327347114,12.438753553441893
12.143327322900824,11.846841867195627,11.554279667969132,11.828641833813016,2,11.954652455303028,12.432652606345725,13.609805595638157,10.375621678424443,13.408984675790558,13.184439489205623
13.61915759731933,11.944464601196383,11.13277839996175,11.697077087386896,3,11.624950558390152,11.1669582810431,12.530844009265236,12.008699824567614,14.079387066535746,11.620726922037377
11.685028711656523,11.205505591059211,10.781671648563165,10.303617503215664,4,10.292614661067365,13.979582704274227,13.45413775504314,12.044393494072477,13.376803594357211,14.057610746887711
11.525009386991831,12.196832699989534,11.218060965956688,12.592832553542227,5,9.786760053936673,12.147443614949017,12.951632125805242,12.249699371939187,12.92542798640449,11.978541580945526
